chain_name_exact,shipment_day,shipment_evidence_date,shipment_source,phone_tree
Albertsons,10am-11am,2025-10,https://www.facebook.com/groups/214165523254138/posts/1555799849090692/,
Aldi,Wednesday (for Aldi Finds),2026-04,https://www.eatingwell.com/the-best-time-to-shop-at-aldi-11957203,
Barnes & Noble,Tuesday-Thursday,2026-02,https://cook-groups.com/when-does-barnes-noble-restock-pokemon-cards-expert-guide/,
Best Buy,Friday mornings (in-store),2026-04,https://www.bestbuy.com/site/questions/pokmon-trading-card-game-mega-evolution-perfect-order-sleeved-booster-1-sleeved-booster-per-order-styles-may-vary/6668624/question/c7a135c1-e231-3f2c-8236-bef0eecce5b6,"General customer service, no direct trading card department"
Big 5 Sporting Goods,"Tuesdays, Wednesdays or Thursdays",2025-01,https://www.reddit.com/r/orangecounty/comments/1hvdb1c/do_pokemon_cards_even_exist_in_retail_stores/,
Blain's Farm & Fleet,,,,1-800-210-2370 (general customer service)
Costco,"mornings, but not always",2026-03,https://www.facebook.com/groups/418499722960643/posts/1493593642117907/,
Dick's Sporting Goods,Monday,2026-04,https://www.reddit.com/r/baseballcards/comments/1sbztcc/dicks_sporting_goods/,Contact Customer Service at 1-877-846-9997 for assistance.
Dollar General,Monday/Tuesday (general merchandise/trading cards); Monday/Friday (produce); Thursday (fresh); Friday (dry),2026-03,https://cook-groups.com/when-does-dollar-general-restock-pokemon-cards/; https://www.facebook.com/100081221089648/posts/did-you-know-dollar-general-restocks-pokemon-cards-every-single-week-make-sure-y/940759758641385/; https://www.reddit.com/r/DollarGeneral/comments/1e6k597/truck_deliveries/,
Family Dollar,Saturday,2026-01,https://www.facebook.com/groups/1205304924443023/posts/1431684535138393/,
Five Below,Wednesday,2026-06,https://www.tiktok.com/@fivebelow/video/7613128586224094495,
GameStop,"Varies by store, often tied to new releases (Friday) or re-releases (Saturday)",2025-04,https://www.facebook.com/groups/418499722960643/posts/1226897875454153/,
HomeGoods,"Wednesday, Sunday, Friday",2025-02,https://www.reddit.com/r/TjMaxx/comments/1ieyy9h/what_day_of_the_week_do_you_put_new_inventory_out/,
Kohl's,random,2025-10,https://www.reddit.com/r/PokemonDeals/comments/1oaynan/kohls_now_selling_pok%C3%A9mon_cards_at_msrp/,
Meijer,Saturday morning,2026-04,https://x.com/pokepullzhq/status/2042932218285142183,"Call 1-877-E-MEIJER (1-877-363-4537) and ask for local store, then inquire about toy/electronics department."
Sam's Club,Friday,2025-10,https://www.facebook.com/SamsClubCharlotteNC6540/photos/-new-trading-cards-have-arrived-calling-all-trainers-bright-and-early-friday-oct/1274670441367931/,
Scheels,Wednesday,2025-09,https://www.facebook.com/greatfallsscheels/videos/pokemon-fans-the-wait-is-over-our-card-shelves-are-restocked-dont-miss-your-chan/1424263305331277/,Call 1-701-670-8388 for customer service. No specific IVR path to trading cards department found.
Staples,Tuesday,2026-05,https://www.facebook.com/groups/2485866391849130/posts/2526398337795935/,
Target,Friday afternoon from 3:00 PM to 6:00 PM ET is the biggest window. Monday and Tuesday afternoons are also common,2026-06,https://www.trackalacker.com/articles/news/track-pokemon-drops-at-target,"Call 1-800-591-3869 to reach customer service, then navigate to a human representative."
Walgreens,every single week,2026-06,https://www.facebook.com/100081221089648/posts/did-you-guys-know-walgreens-restocks-pokemon-every-single-week-mini-tins-sleeved/1022846443766049/,"Call store, press 0 for operator, ask for manager or general merchandise department."
Walmart,"Restocks trading cards on Wednesdays or Thursdays, with shipments arriving on Tuesdays via FedEx",2026-01,https://www.facebook.com/groups/911766688849425/posts/35203135619285760/,
Wawa,random,2026-03,https://www.facebook.com/groups/418499722960643/posts/1509470010530270/,
